<?xml version="1.0"?>

<model-hints>
	<model name="AAACustomerService.model.Customer">
		<field name="uuid" type="String" />
		<field name="customerId" type="long" />
		<field name="customerName" type="String" />
		<field name="customerEmail" type="String" />
		<field name="customerAddress" type="String" />
		<field name="customerContact" type="String" />
		<field name="customerNRIC" type="String" />
		<field name="start_date" type="Date" />
		<field name="groupId" type="long" />
		<field name="companyId" type="long" />
		<field name="userId" type="long" />
		<field name="userName" type="String" />
		<field name="createDate" type="Date" />
		<field name="modifiedDate" type="Date" />
		<field name="serviceId" type="long" />
	</model>
</model-hints>