<?xml version="1.0"?>
<!DOCTYPE service-builder PUBLIC "-//Liferay//DTD Service Builder 7.4.0//EN" "http://www.liferay.com/dtd/liferay-service-builder_7_4_0.dtd">

<service-builder dependency-injector="ds" package-path="AAACustomerService">
	<namespace>AAA</namespace>
	<!--<entity data-source="sampleDataSource" local-service="true" name="Foo" remote-service="false" session-factory="sampleSessionFactory" table="foo" tx-manager="sampleTransactionManager uuid="true"">-->
	<entity name="Customer" local-service="true" uuid="true">
        <column name="customerId" type="long" primary="true"></column>
        <column name="customerName" type="String"></column>
        <column name="customerEmail" type="String"></column>
        <column name="customerAddress" type="String"></column>
        <column name="customerContact" type="String"></column>
        <column name="customerNRIC" type="String"></column>
        <column name="start_date" type="Date"></column>
        <column name="groupId" type="long"></column>
        <column name="companyId" type="long"></column>
        <column name="userId" type="long"></column>
        <column name="userName" type="String"></column>
        <column name="createDate" type="Date"></column>
        <column name="modifiedDate" type="Date"></column>
        <column name="serviceId" type="long"></column>
        <order>
            <order-column name="start_date" order-by="asc"></order-column>
        </order>
        <finder name="GroupId" return-type="Collection"><finder-column name="groupId"></finder-column></finder>
    </entity>
</service-builder>